{
  "products": [
    {
      "id": 1,
      "name": "apple",
      "price": 19
    },
    {
      "name": "banana",
      "price": 9,
      "id": 2
    },
    {
      "id": 3,
      "name": "mango",
      "price": 12
    },
    {
      "name": "banana",
      "price": 9,
      "id": 4
    },
    {
      "name": "banana",
      "price": 9,
      "id": 5
    },
    {
      "name": "banana",
      "price": 9,
      "id": 6
    },
    {
      "name": "banana",
      "price": 9,
      "id": 7
    },
    {
      "name": "banana",
      "price": 9,
      "id": 8
    },
    {
      "name": "banana",
      "price": 9,
      "id": 9
    },
    {
      "name": "banana",
      "price": 9,
      "id": 10
    },
    {
      "name": "banana",
      "price": 9,
      "id": 11
    }
  ]
}